name,type,value,date
条目,Chinese,41243,2019-01-01 18:00:00
条目,Chinese,11243,2019-01-01 19:00:00
条目,Chinese,51243,2019-01-01 20:00:00
エントリ,Japanese,12412,2019-01-01 20:00:00
エントリ,Japanese,43343,2019-01-01 18:00:00
エントリ,Japanese,34645,2019-01-01 19:00:00
Запись,Russian,12312,2019-01-01 18:00:00
Запись,Russian,2231231232,2019-01-01 19:00:00
Запись,Russian,32312,2019-01-01 20:00:00
Item,English,21412,2019-01-01 18:00:00
Item,English,61412,2019-01-01 19:00:00
Item,English,11412,2019-01-01 20:00:00
조목,Korean,24124,2019-01-01 18:00:00
조목,Korean,23123,2019-01-01 19:00:00
조목,Korean,12311,2019-01-01 20:00:00
